F81Z3A360AA,CA851068PR,Suspension Control Arm,"Application Summary: Ford F-250 Super Duty 2017-99, Ford F-350 Super Duty 2017-99",DIRECT INTERCHANGE CROSS,F81Z 3A360-AA,FORD MOTOR COMPANY,"FORD MOTOR COMPANY:2C3Z 3A360-BA, FORD MOTOR COMPANY:5C3Z 3A360-BA, FORD MOTOR COMPANY:7C3Z 3A360-AB, FORD MOTOR COMPANY:7C3Z 3A360-B, FORD MOTOR COMPANY:7C3Z3A360D, FORD MOTOR COMPANY:F81Z 3A360-AA, "
F81Z3A360AA,522-916,Suspension Control Arm,"Application Summary: Ford F-250 Super Duty 2017-99, Ford F-350 Super Duty 2017-99",DIRECT INTERCHANGE CROSS,F81Z 3A360-AA,FORD MOTOR COMPANY,"FORD MOTOR COMPANY:2C3Z 3A360-BA, FORD MOTOR COMPANY:5C3Z 3A360-BA, FORD MOTOR COMPANY:7C3Z 3A360-AB, FORD MOTOR COMPANY:7C3Z 3A360-B, FORD MOTOR COMPANY:7C3Z3A360D, FORD MOTOR COMPANY:F81Z 3A360-AA, "
F81Z3A360AA,CA851068,Suspension Control Arm,"Application Summary: Ford F-250 Super Duty 2017-99, Ford F-350 Super Duty 2017-99",DIRECT INTERCHANGE CROSS,F81Z 3A360-AA,FORD MOTOR COMPANY,"FORD MOTOR COMPANY:2C3Z 3A360-BA, FORD MOTOR COMPANY:5C3Z 3A360-BA, FORD MOTOR COMPANY:7C3Z 3A360-AB, FORD MOTOR COMPANY:7C3Z 3A360-B, FORD MOTOR COMPANY:7C3Z3A360D, FORD MOTOR COMPANY:F81Z 3A360-AA, "
12478068,CB90284,Suspension Control Arm,"Application Summary: Chevrolet 2007-99, GMC 2007-99",DIRECT INTERCHANGE CROSS,12478068,GENERAL MOTORS,"GENERAL MOTORS:12478068, "
12478068,520-126,Suspension Control Arm,"Application Summary: Chevrolet 2007-99, GMC 2007-99",DIRECT INTERCHANGE CROSS,12478068,GENERAL MOTORS,"GENERAL MOTORS:12478068, "
12478068,CB90284PR,Suspension Control Arm,"Application Summary: Chevrolet 2007-99, GMC 2007-99",DIRECT INTERCHANGE CROSS,12478068,GENERAL MOTORS,"GENERAL MOTORS:12478068, "
15743845,BJ90035PR,Suspension Ball Joint,"Application Summary: Chevrolet 2000-99, GMC 2000-99",DIRECT INTERCHANGE CROSS,15743845,GENERAL MOTORS,"GENERAL MOTORS:15743845, "
15743845,BJ90035,Suspension Ball Joint,"Application Summary: Chevrolet 2000-99, GMC 2000-99",DIRECT INTERCHANGE CROSS,15743845,GENERAL MOTORS,"GENERAL MOTORS:15743845, "
15864153,520-116,Suspension Control Arm,"Application Summary: Cadillac 2006-02, Chevrolet 2014-99, GMC 2014-99",DIRECT INTERCHANGE CROSS,15864153,GENERAL MOTORS,"GENERAL MOTORS:12475485, GENERAL MOTORS:15047200, GENERAL MOTORS:15864153, "
15864153,528-348,Suspension Control Arm,"Application Summary: Cadillac 2006-02, Chevrolet 2014-99, GMC 2014-99",NON-DIRECT INTERCHANGE CROSS,15864153,GENERAL MOTORS,"GENERAL MOTORS:15864153, "
15864153,FEK92119XL,"Suspension, Front End Kit","Application Summary: Chevrolet 2007-99, GMC 2007-99",NON-DIRECT INTERCHANGE CROSS,15864153,GENERAL MOTORS,"GENERAL MOTORS:10385580, GENERAL MOTORS:12475485, GENERAL MOTORS:12546193, GENERAL MOTORS:15047200, GENERAL MOTORS:15070821, GENERAL MOTORS:15167767, GENERAL MOTORS:15571395, GENERAL MOTORS:15750786, GENERAL MOTORS:15840266, GENERAL MOTORS:15864153, GENERAL MOTORS:19152329, GENERAL MOTORS:25747956, GENERAL MOTORS:26076544, GENERAL MOTORS:26076545, "
15864153,CB90136,Suspension Control Arm,"Application Summary: Cadillac 2006-02, Chevrolet 2014-99, GMC 2014-99",NON-DIRECT INTERCHANGE CROSS,15864153,GENERAL MOTORS,"GENERAL MOTORS:15864153, "
15864153,CB90006,Suspension Control Arm,"Application Summary: Cadillac 2006-02, Chevrolet 2014-99, GMC 2014-99",DIRECT INTERCHANGE CROSS,15864153,GENERAL MOTORS,"GENERAL MOTORS:12475485, GENERAL MOTORS:15047200, GENERAL MOTORS:15864153, "
15864153,CB90136PR,Suspension Control Arm,"Application Summary: Cadillac 2006-02, Chevrolet 2014-99, GMC 2014-99",NON-DIRECT INTERCHANGE CROSS,15864153,GENERAL MOTORS,"GENERAL MOTORS:15864153, "
15864153,CB90006PR,Suspension Control Arm,"Application Summary: Cadillac 2006-02, Chevrolet 2014-99, GMC 2014-99",DIRECT INTERCHANGE CROSS,15864153,GENERAL MOTORS,"GENERAL MOTORS:12475485, GENERAL MOTORS:15047200, GENERAL MOTORS:15864153, "
15864153,FEK91459XL,Suspension Front End Kit,"Application Summary: Cadillac 2006-02, Chevrolet 2007-99, GMC 2007-99",NON-DIRECT INTERCHANGE CROSS,15864153,GENERAL MOTORS,"GENERAL MOTORS:10385580, GENERAL MOTORS:12471376, GENERAL MOTORS:12471378, GENERAL MOTORS:12471379, GENERAL MOTORS:12472819, GENERAL MOTORS:12475478, GENERAL MOTORS:12475485, GENERAL MOTORS:12479349, GENERAL MOTORS:12546193, GENERAL MOTORS:15047200, GENERAL MOTORS:15070821, GENERAL MOTORS:15167767, GENERAL MOTORS:15840266, GENERAL MOTORS:15864153, GENERAL MOTORS:19149615, GENERAL MOTORS:19149617, GENERAL MOTORS:19152329, GENERAL MOTORS:19153392, GENERAL MOTORS:19168944, GENERAL MOTORS:19178433, GENERAL MOTORS:26059226, "
19153392,IA6535XL,Steering Idler Arm,"Application Summary: Chevrolet 2013-99, GMC 2013-99, Hummer 2009-03",DIRECT INTERCHANGE CROSS,19153392,GENERAL MOTORS,"GENERAL MOTORS:12471383, GENERAL MOTORS:12479350, GENERAL MOTORS:15891516, GENERAL MOTORS:19153392, "
19153392,IB90016,Steering Idler Arm Bracket Assembly,"Application Summary: Cadillac 2006-02, Chevrolet 2018-99, GMC 2018-99, Hummer 2009-03",NON-DIRECT INTERCHANGE CROSS,19153392,GENERAL MOTORS,"GENERAL MOTORS:19153392, GENERAL MOTORS:19178433, "
19153392,IA6535,Steering Idler Arm,"Application Summary: Chevrolet 2013-99, GMC 2013-99, Hummer 2009-03",DIRECT INTERCHANGE CROSS,19153392,GENERAL MOTORS,"GENERAL MOTORS:12471383, GENERAL MOTORS:12479350, GENERAL MOTORS:15891516, GENERAL MOTORS:19153392, "
19153392,IB90016PR,Steering Idler Arm Bracket Assembly,"Application Summary: Cadillac 2006-02, Chevrolet 2018-99, GMC 2018-99, Hummer 2009-03",NON-DIRECT INTERCHANGE CROSS,19153392,GENERAL MOTORS,"GENERAL MOTORS:19153392, GENERAL MOTORS:19178433, "
19153392,IA6535RD,Steering Idler Arm,"Application Summary: Chevrolet 2013-99, GMC 2013-99, Hummer 2009-03",DIRECT INTERCHANGE CROSS,19153392,GENERAL MOTORS,"GENERAL MOTORS:12471383, GENERAL MOTORS:12479350, GENERAL MOTORS:15891516, GENERAL MOTORS:19153392, "
19153392,FEK92159XL,"Suspension, Front End Kit","Application Summary: Chevrolet 2013-00, GMC 2013-00, Hummer 2009-03",NON-DIRECT INTERCHANGE CROSS,19153392,GENERAL MOTORS,"GENERAL MOTORS:10385580, GENERAL MOTORS:12471383, GENERAL MOTORS:12475477, GENERAL MOTORS:12479051, GENERAL MOTORS:12479350, GENERAL MOTORS:12546193, GENERAL MOTORS:15049881, GENERAL MOTORS:15070821, GENERAL MOTORS:15110013, GENERAL MOTORS:15167767, GENERAL MOTORS:15224737, GENERAL MOTORS:15295861, GENERAL MOTORS:15571395, GENERAL MOTORS:15840266, GENERAL MOTORS:15891515, GENERAL MOTORS:15891516, GENERAL MOTORS:19149611, GENERAL MOTORS:19153392, GENERAL MOTORS:19168473, GENERAL MOTORS:19207137, GENERAL MOTORS:19209291, GENERAL MOTORS:19303461, GENERAL MOTORS:19352244, GENERAL MOTORS:25747956, GENERAL MOTORS:25905442, GENERAL MOTORS:26059210, "
19153392,FEK91459XL,Suspension Front End Kit,"Application Summary: Cadillac 2006-02, Chevrolet 2007-99, GMC 2007-99",NON-DIRECT INTERCHANGE CROSS,19153392,GENERAL MOTORS,"GENERAL MOTORS:10385580, GENERAL MOTORS:12471376, GENERAL MOTORS:12471378, GENERAL MOTORS:12471379, GENERAL MOTORS:12472819, GENERAL MOTORS:12475478, GENERAL MOTORS:12475485, GENERAL MOTORS:12479349, GENERAL MOTORS:12546193, GENERAL MOTORS:15047200, GENERAL MOTORS:15070821, GENERAL MOTORS:15167767, GENERAL MOTORS:15840266, GENERAL MOTORS:15864153, GENERAL MOTORS:19149615, GENERAL MOTORS:19149617, GENERAL MOTORS:19152329, GENERAL MOTORS:19153392, GENERAL MOTORS:19168944, GENERAL MOTORS:19178433, GENERAL MOTORS:26059226, "
F81Z3A360AA,CA851068PR,Suspension Control Arm,"Application Summary: Ford F-250 Super Duty 2017-99, Ford F-350 Super Duty 2017-99",DIRECT INTERCHANGE CROSS,F81Z 3A360-AA,FORD MOTOR COMPANY,"FORD MOTOR COMPANY:2C3Z 3A360-BA, FORD MOTOR COMPANY:5C3Z 3A360-BA, FORD MOTOR COMPANY:7C3Z 3A360-AB, FORD MOTOR COMPANY:7C3Z 3A360-B, FORD MOTOR COMPANY:7C3Z3A360D, FORD MOTOR COMPANY:F81Z 3A360-AA, "
F81Z3A360AA,522-916,Suspension Control Arm,"Application Summary: Ford F-250 Super Duty 2017-99, Ford F-350 Super Duty 2017-99",DIRECT INTERCHANGE CROSS,F81Z 3A360-AA,FORD MOTOR COMPANY,"FORD MOTOR COMPANY:2C3Z 3A360-BA, FORD MOTOR COMPANY:5C3Z 3A360-BA, FORD MOTOR COMPANY:7C3Z 3A360-AB, FORD MOTOR COMPANY:7C3Z 3A360-B, FORD MOTOR COMPANY:7C3Z3A360D, FORD MOTOR COMPANY:F81Z 3A360-AA, "
F81Z3A360AA,CA851068,Suspension Control Arm,"Application Summary: Ford F-250 Super Duty 2017-99, Ford F-350 Super Duty 2017-99",DIRECT INTERCHANGE CROSS,F81Z 3A360-AA,FORD MOTOR COMPANY,"FORD MOTOR COMPANY:2C3Z 3A360-BA, FORD MOTOR COMPANY:5C3Z 3A360-BA, FORD MOTOR COMPANY:7C3Z 3A360-AB, FORD MOTOR COMPANY:7C3Z 3A360-B, FORD MOTOR COMPANY:7C3Z3A360D, FORD MOTOR COMPANY:F81Z 3A360-AA, "
12478068,CB90284,Suspension Control Arm,"Application Summary: Chevrolet 2007-99, GMC 2007-99",DIRECT INTERCHANGE CROSS,12478068,GENERAL MOTORS,"GENERAL MOTORS:12478068, "
12478068,520-126,Suspension Control Arm,"Application Summary: Chevrolet 2007-99, GMC 2007-99",DIRECT INTERCHANGE CROSS,12478068,GENERAL MOTORS,"GENERAL MOTORS:12478068, "
12478068,CB90284PR,Suspension Control Arm,"Application Summary: Chevrolet 2007-99, GMC 2007-99",DIRECT INTERCHANGE CROSS,12478068,GENERAL MOTORS,"GENERAL MOTORS:12478068, "
15743845,BJ90035PR,Suspension Ball Joint,"Application Summary: Chevrolet 2000-99, GMC 2000-99",DIRECT INTERCHANGE CROSS,15743845,GENERAL MOTORS,"GENERAL MOTORS:15743845, "
15743845,BJ90035,Suspension Ball Joint,"Application Summary: Chevrolet 2000-99, GMC 2000-99",DIRECT INTERCHANGE CROSS,15743845,GENERAL MOTORS,"GENERAL MOTORS:15743845, "
15864153,520-116,Suspension Control Arm,"Application Summary: Cadillac 2006-02, Chevrolet 2014-99, GMC 2014-99",DIRECT INTERCHANGE CROSS,15864153,GENERAL MOTORS,"GENERAL MOTORS:12475485, GENERAL MOTORS:15047200, GENERAL MOTORS:15864153, "
15864153,528-348,Suspension Control Arm,"Application Summary: Cadillac 2006-02, Chevrolet 2014-99, GMC 2014-99",NON-DIRECT INTERCHANGE CROSS,15864153,GENERAL MOTORS,"GENERAL MOTORS:15864153, "
15864153,FEK92119XL,"Suspension, Front End Kit","Application Summary: Chevrolet 2007-99, GMC 2007-99",NON-DIRECT INTERCHANGE CROSS,15864153,GENERAL MOTORS,"GENERAL MOTORS:10385580, GENERAL MOTORS:12475485, GENERAL MOTORS:12546193, GENERAL MOTORS:15047200, GENERAL MOTORS:15070821, GENERAL MOTORS:15167767, GENERAL MOTORS:15571395, GENERAL MOTORS:15750786, GENERAL MOTORS:15840266, GENERAL MOTORS:15864153, GENERAL MOTORS:19152329, GENERAL MOTORS:25747956, GENERAL MOTORS:26076544, GENERAL MOTORS:26076545, "
15864153,CB90136,Suspension Control Arm,"Application Summary: Cadillac 2006-02, Chevrolet 2014-99, GMC 2014-99",NON-DIRECT INTERCHANGE CROSS,15864153,GENERAL MOTORS,"GENERAL MOTORS:15864153, "
15864153,CB90006,Suspension Control Arm,"Application Summary: Cadillac 2006-02, Chevrolet 2014-99, GMC 2014-99",DIRECT INTERCHANGE CROSS,15864153,GENERAL MOTORS,"GENERAL MOTORS:12475485, GENERAL MOTORS:15047200, GENERAL MOTORS:15864153, "
15864153,CB90136PR,Suspension Control Arm,"Application Summary: Cadillac 2006-02, Chevrolet 2014-99, GMC 2014-99",NON-DIRECT INTERCHANGE CROSS,15864153,GENERAL MOTORS,"GENERAL MOTORS:15864153, "
15864153,CB90006PR,Suspension Control Arm,"Application Summary: Cadillac 2006-02, Chevrolet 2014-99, GMC 2014-99",DIRECT INTERCHANGE CROSS,15864153,GENERAL MOTORS,"GENERAL MOTORS:12475485, GENERAL MOTORS:15047200, GENERAL MOTORS:15864153, "
15864153,FEK91459XL,Suspension Front End Kit,"Application Summary: Cadillac 2006-02, Chevrolet 2007-99, GMC 2007-99",NON-DIRECT INTERCHANGE CROSS,15864153,GENERAL MOTORS,"GENERAL MOTORS:10385580, GENERAL MOTORS:12471376, GENERAL MOTORS:12471378, GENERAL MOTORS:12471379, GENERAL MOTORS:12472819, GENERAL MOTORS:12475478, GENERAL MOTORS:12475485, GENERAL MOTORS:12479349, GENERAL MOTORS:12546193, GENERAL MOTORS:15047200, GENERAL MOTORS:15070821, GENERAL MOTORS:15167767, GENERAL MOTORS:15840266, GENERAL MOTORS:15864153, GENERAL MOTORS:19149615, GENERAL MOTORS:19149617, GENERAL MOTORS:19152329, GENERAL MOTORS:19153392, GENERAL MOTORS:19168944, GENERAL MOTORS:19178433, GENERAL MOTORS:26059226, "
19153392,IA6535XL,Steering Idler Arm,"Application Summary: Chevrolet 2013-99, GMC 2013-99, Hummer 2009-03",DIRECT INTERCHANGE CROSS,19153392,GENERAL MOTORS,"GENERAL MOTORS:12471383, GENERAL MOTORS:12479350, GENERAL MOTORS:15891516, GENERAL MOTORS:19153392, "
19153392,IB90016,Steering Idler Arm Bracket Assembly,"Application Summary: Cadillac 2006-02, Chevrolet 2018-99, GMC 2018-99, Hummer 2009-03",NON-DIRECT INTERCHANGE CROSS,19153392,GENERAL MOTORS,"GENERAL MOTORS:19153392, GENERAL MOTORS:19178433, "
19153392,IB90016PR,Steering Idler Arm Bracket Assembly,"Application Summary: Cadillac 2006-02, Chevrolet 2018-99, GMC 2018-99, Hummer 2009-03",NON-DIRECT INTERCHANGE CROSS,19153392,GENERAL MOTORS,"GENERAL MOTORS:19153392, GENERAL MOTORS:19178433, "
19153392,IA6535,Steering Idler Arm,"Application Summary: Chevrolet 2013-99, GMC 2013-99, Hummer 2009-03",DIRECT INTERCHANGE CROSS,19153392,GENERAL MOTORS,"GENERAL MOTORS:12471383, GENERAL MOTORS:12479350, GENERAL MOTORS:15891516, GENERAL MOTORS:19153392, "
19153392,FEK92159XL,"Suspension, Front End Kit","Application Summary: Chevrolet 2013-00, GMC 2013-00, Hummer 2009-03",NON-DIRECT INTERCHANGE CROSS,19153392,GENERAL MOTORS,"GENERAL MOTORS:10385580, GENERAL MOTORS:12471383, GENERAL MOTORS:12475477, GENERAL MOTORS:12479051, GENERAL MOTORS:12479350, GENERAL MOTORS:12546193, GENERAL MOTORS:15049881, GENERAL MOTORS:15070821, GENERAL MOTORS:15110013, GENERAL MOTORS:15167767, GENERAL MOTORS:15224737, GENERAL MOTORS:15295861, GENERAL MOTORS:15571395, GENERAL MOTORS:15840266, GENERAL MOTORS:15891515, GENERAL MOTORS:15891516, GENERAL MOTORS:19149611, GENERAL MOTORS:19153392, GENERAL MOTORS:19168473, GENERAL MOTORS:19207137, GENERAL MOTORS:19209291, GENERAL MOTORS:19303461, GENERAL MOTORS:19352244, GENERAL MOTORS:25747956, GENERAL MOTORS:25905442, GENERAL MOTORS:26059210, "
19153392,FEK91459XL,Suspension Front End Kit,"Application Summary: Cadillac 2006-02, Chevrolet 2007-99, GMC 2007-99",NON-DIRECT INTERCHANGE CROSS,19153392,GENERAL MOTORS,"GENERAL MOTORS:10385580, GENERAL MOTORS:12471376, GENERAL MOTORS:12471378, GENERAL MOTORS:12471379, GENERAL MOTORS:12472819, GENERAL MOTORS:12475478, GENERAL MOTORS:12475485, GENERAL MOTORS:12479349, GENERAL MOTORS:12546193, GENERAL MOTORS:15047200, GENERAL MOTORS:15070821, GENERAL MOTORS:15167767, GENERAL MOTORS:15840266, GENERAL MOTORS:15864153, GENERAL MOTORS:19149615, GENERAL MOTORS:19149617, GENERAL MOTORS:19152329, GENERAL MOTORS:19153392, GENERAL MOTORS:19168944, GENERAL MOTORS:19178433, GENERAL MOTORS:26059226, "
19153392,IA6535RD,Steering Idler Arm,"Application Summary: Chevrolet 2013-99, GMC 2013-99, Hummer 2009-03",DIRECT INTERCHANGE CROSS,19153392,GENERAL MOTORS,"GENERAL MOTORS:12471383, GENERAL MOTORS:12479350, GENERAL MOTORS:15891516, GENERAL MOTORS:19153392, "
